app_id,app_package_name,app_name,category_name,developer,number_of_downloads,privacy_policy_link,privacy_policy_raw
1,com.vblast.flipaclip,FlipaClip: Create 2D Animation,Art & Design,Visual Blasters LLC,50M+,https://www.visualblasters.com/flipaclip-privacy-policy.html,
2,com.adsk.sketchbook,Sketchbook,Art & Design,Sketchbook,100M+,https://www.sketchbook.com/privacy,
3,com.womboai.wombodream,WOMBO Dream - AI Art Generator,Art & Design,Wombo Studios Inc,10M+,https://www.w.ai/privacy-policy,
4,com.brakefield.painter,Infinite Painter,Art & Design,Infinite Studio LLC,10M+,http://www.infinitestudio.art/painter/privacy_policy.html,
5,com.eyewind.paperone,PaperColor,Art & Design,Colorfit,10M+,http://incolor.cc/en/privacy.html,
6,com.madcat.easyposer,Easy Pose - 3D pose making app,Art & Design,MadcatGames,10M+,https://madcatgames.tistory.com/22?category=870762,
7,me.bazaart.app,Bazaart Photo Editor & Design,Art & Design,Bazaart Ltd.,1M+,https://bazaart.me/terms#privacy,
8,com.sweefitstudios.draweyes,How to Draw Anime Eyes,Art & Design,Sweefit Studios,1M+,http://www.sweefitstudios.com/,
9,invitaciones2.para.cumpleanos,fondos para Invitaciones,Art & Design,Creaciones TYTY,50K+,http://www.e-droid.net/privacy.php?ida=1344247&idl=en,
10,com.brakefield.idfree,Infinite Design,Art & Design,Infinite Studio LLC,10M+,http://www.infinitestudio.art/design/privacy_policy.html,
11,jp.co.celsys.clipstudiopaint.googleplay,Clip Studio Paint,Art & Design,"CELSYS,Inc.",5M+,https://www.celsys.com/en/information/privacy/,
12,com.sec.penup,PENUP - Share your drawings,Art & Design,"Samsung Electronics Co.,  Ltd.",100M+,https://account.samsung.com/membership/pp,
13,com.adobe.spark.post,Adobe Express: Graphic Design,Art & Design,Adobe,10M+,https://www.adobe.com/privacy/policy.html,
14,com.bytestorm.artflow,ArtFlow: Paint Draw Sketchbook,Art & Design,Artflow Studio,5M+,http://artflowstudio.com/privacy.html,
15,com.memegenerator.free.app.mememaker.grumpycat,Meme Generator Meme Maker,Entertainment,AppHooray,100K+,https://apphooray.com/privacy/memenow.html,
16,app.over.editor,GoDaddy Studio: Graphic Design,Art & Design,"GoDaddy Operating Company, LLC",10M+,https://www.godaddy.com/legal/agreements#privacy,
17,com.PixelStudio,Pixel Studio: pixel art editor,Art & Design,Hippo,5M+,https://github.com/hippogamesunity/GameParams/wiki/Privacy-Policy,
18,org.contentarcade.apps.logomaker,Logo Maker : Logo Creator,Art & Design,CA Publishing,10M+,https://www.logomaker.net/privacypolicy,
19,org.krita,Krita,Art & Design,Stichting Krita Foundation,1M+,https://krita.org/en/privacy-statement/,
20,com.adobe.creativeapps.gather,"Adobe Capture: Illustrator,Ps",Art & Design,Adobe,5M+,http://www.adobe.com/privacy/policy-linkfree.html,
21,com.phone.launcher.lite,U Launcher Lite-Hide apps,Art & Design,Moboapps Dev Team,10M+,https://moboapps.io/ulauncherlite_privacy_policy/privacy.policy.html,
22,anime.face.changer.cartoon.photo_editor,Ai Anime Face Changer,Art & Design,RANOMA,5M+,https://sites.google.com/view/ranomapp,
23,com.articoapps.maskot,Maskot - Gaming Logo Maker,Art & Design,Artico Apps,1M+,http://www.articoapps.com,
24,com.mockup.generator,"Mockup Creator, T-shirt Design",Art & Design,Video Marketing Apps,100K+,https://photoeditorlab.co.in/privacy-policy/,
25,com.arabela.mobile,Mi Pedido Arabela,Beauty,Arabela S.A de C.V,500K+,https://www.arabela.com/aviso-de-privacidad,
26,com.belleza.peinados.ninas,Easy fun hairstyles for girls,Beauty,Klay11apps,500K+,https://www.misappsfrees.online/politicas/peinados_ninas.html,
27,com.lajeuneandassociatesllc.barberchopdev,Barber Chop,Beauty,"Lajeune & Associates, LLC",10M+,https://barberchop.com/privacy-policy/,
28,com.arcsoft.perfect365,Perfect365 Makeup Photo Editor,Beauty,"Perfect365, Inc.",50M+,http://www.perfect365.com/about/privacy-policy/,
29,com.lomographic.vintage.camera.filters,Camera Filters and Effects,Beauty,CA Publishing,10M+,http://www.contentarcade.com/privacy,
30,com.ipsy.mobile.production,IPSY: Personalized Beauty,Beauty,ipsy,1M+,https://www.ipsy.com/privacy,
31,com.lyrebirdstudio.beauty,Beauty Makeup Editor & Camera,Beauty,Lyrebird Studio,10M+,https://lyrebirdstudio.net/privacy_policy.htm,
32,pcm.art.heart.camera,Heart Camera,Beauty,Photo Collage Master,5M+,https://raw.githubusercontent.com/photocollagemaster/PCM-Notices/master/Privacy%20Policy,
33,com.andromo.dev759880.app845507,Haircuts Men 2023,Beauty,Estilos Tendencias & Moda,1M+,http://www.myappterms.com/reader.php?id=1,
34,com.ispg.shopchula,Chula - Belleza sin límites,Beauty,"The Solrac Group, Inc",500K+,https://shopchula.com/pages/privacy,
35,crown.heart.photo.editor,Crown Heart Photo Editor,Beauty,FRM ART,5M+,https://raw.githubusercontent.com/vuthingoc921927/photoeditorpolicy/master/policy,
36,com.icom.terramar,Terramar Brands,Beauty,TerramarBrands,100K+,https://www.terramarbrandsusa.com/legal/privacy_us,
37,maa.photo_editor.spiral_betty,Spiral Photo & Video Editor,Beauty,MAA FOR APPS,100K+,http://maaforapps.com/privacypolicy.html,
38,com.sephora,Sephora: Buy Makeup & Skincare,Beauty,"Sephora USA, Inc.",5M+,https://www.sephora.com/beauty/privacy-policy,
39,com.ulta,Ulta Beauty: Makeup & Skincare,Beauty,ULTA,5M+,https://www.ulta.com/company/privacy,
40,com.bestdreamstore.cosmetics,Best Dream Store Cosméticos,Beauty,Best Dream Developers,10K+,https://bestdream.store/Index/privacidad_terminos,
41,com.EricBROU.modele_tenue_pagne_africain,African Print fashion ideas,Beauty,Eric BROU,500K+,https://sites.google.com/view/regleconfidentialite,
42,toys.lulu,LuLuApp,Beauty,Goldberg Imports,500+,http://lulu.toys/policies/privacy-policy,
43,bokehoedite.hd.photoeditor,Bokeh full jpg offline 2020,Beauty,Wallpapers WAllPAPERS 4k,100K+,https://keyapp.dev/cabinet/privacy.html,
44,mmapps.mirror.free,Mirror Plus: Mirror with Light,Beauty,"Digitalchemy, LLC",10M+,https://www.digitalchemy.us/mirror/privacy-policy,
45,smaartgr.longnail,Long Nail Designs,Beauty,Smartongroup,100K+,https://smartgroupapps.blogspot.com/2023/04/Privacy-policy.html,
46,com.htwig.luvmehair,Luvme Hair,Beauty,HOT BEAUTY,100K+,https://shop.luvmehair.com/pages/privacy-policy-2?HT_IP_FORBIDDEN_CHANNEL=1,
47,com.barilab.handmirror.googlemarket,Mirror - Zoom & Exposure -,Beauty,BariLab,5M+,https://docs.google.com/document/d/1hS-VON1fYqAUULrm4v5CwAnEpCkuChAjmavRsI-YUfA/pub,
48,com.arabela.damaarabela,Dama Arabela,Beauty,Arabela S.A de C.V,100K+,https://www.arabela.com/mx/privacidad.html,
49,biz.belcorp.maquillador,Asesor de belleza,Beauty,BELCORP,100K+,https://belc-virtualmakeup-data-prd.s3.amazonaws.com/politicasdeprivacidad/PoliticadePrivacidadAppAsesordeBellezaV1.pdf,
50,wp.wattpad,Wattpad - Read & Write Stories,Books & Reference,Wattpad.com,100M+,http://www.wattpad.com/privacy,
51,org.jw.jwlibrary.mobile,JW Library,Books & Reference,Jehovah's Witnesses,10M+,https://www.jw.org/finder?prefer=content&wtlocale=E&docid=1011512,
52,com.overwolf.statsroyale,Stats Royale for Clash Royale,Books & Reference,Overwolf,10M+,http://www.overwolf.com/legal/#Privacy-policy,
53,com.amazon.kindle,Amazon Kindle,Books & Reference,Amazon Mobile LLC,100M+,https://www.amazon.com/gp/help/customer/display.html?nodeId=468496,
54,com.droidta.spen,English Spanish Translator,Books & Reference,Droid Doodle,100K+,https://maps.google.com/?q=60%20Pakam2%20Rd.%0APrabath%20Lampang%0AThailand%2052000,
55,pdf.reader,PDF Reader,Books & Reference,pickwick santa,10M+,https://github.com/pickwicksanta/Policy/wiki/Privacy-Policy,
56,com.audible.application,Audible: Audio Entertainment,Books & Reference,"Audible, Inc.",100M+,https://www.audible.com/privacy-policy,
57,air.com.myheritage.mobile,MyHeritage: Family Tree & DNA,Books & Reference,MyHeritage.com,10M+,http://www.myheritage.com/FP/Company/popup.php?p=privacy_policy,
58,com.google.android.apps.books,Google Play Books & Audiobooks,Books & Reference,Google LLC,1B+,https://play.google.com/books/intl/privacy.html,
59,org.lds.ldssa,Gospel Library,Books & Reference,The Church of Jesus Christ of Latter-day Saints,5M+,https://www.churchofjesuschrist.org/services/platform/v4/resources/privacy-policy,
60,mobi.mangatoon.novel.portuguese,NovelToon: Read & Tell Stories,Books & Reference,MangaToon HK Limited - BR,10M+,https://mangatoon.mobi/privacy/en?_app_id=2,
61,com.aldiko.android,Aldiko Next,Books & Reference,De Marque,10M+,https://confluence.demarque.com/confluence/aldiko/?contentKey=privacy-policy-aldiko,
62,org.readera,ReadEra – book reader pdf epub,Books & Reference,READERA LLC,10M+,https://readera.org/en/book-reader/privacy,
63,mobi.mangatoon.novel,NovelToon: Read Novels & Books,Books & Reference,NovelToon,10M+,https://mangatoon.mobi/privacy/en?_app_id=2,
64,com.foobnix.pdf.reader,"Librera Reader: for PDF, EPUB",Books & Reference,Librera,10M+,http://librera.mobi/wiki/PrivacyPolicy/com.foobnix.pdf.reader,
65,com.flyersoft.moonreader,Moon+ Reader,Books & Reference,Moon+,10M+,http://www.moondownload.com/privacymr.html,
66,com.csnmedia.android.bg,Bible Gateway,Books & Reference,HarperCollins Christian Publishing,1M+,http://www.biblegateway.com/legal/privacy.php,
67,com.fictionpress.fanfiction,FanFiction.Net,Books & Reference,FictionPress,1M+,https://www.fanfiction.net/privacy/,
68,com.qidian.Int.reader,WebNovel,Books & Reference,Cloudary,10M+,https://www.webnovel.com/privacy_policy,
69,com.drawcola.xxxtentacions,How to Draw XXXTentacion,Books & Reference,Drawcola,100K+,https://toptrendapps.blogspot.com/2020/04/privacy-policy.html,
70,com.scribd.app.reader0,Everand: Ebooks and audiobooks,Books & Reference,"Scribd, Inc.",10M+,http://www.scribd.com/privacy,
71,mobi.mangatoon.novel.lite,NovelToon：Read & Tell Stories,Books & Reference,NovelToon,1M+,https://mangatoon.mobi/privacy/en?_app_id=2,
72,com.microsoft.teams,Microsoft Teams,Business,Microsoft Corporation,100M+,https://aka.ms/privacy,
73,com.google.android.apps.meetings,Google Meet (original),Business,Google LLC,500M+,http://www.google.com/policies/privacy,
74,com.atento.atento1,Atento A1,Business,Atento Brasil,10K+,http://atento.com/pt/aviso-legal,
75,com.wetherspoon.myjdw,myJDW,Business,JD Wetherspoon,50K+,https://www.jdwetherspoon.com/privacy-policy,
76,com.rappi.storekeeper,Soy Rappi - Sé un repartidor,Business,"Rappi, Inc - Delivery",10M+,https://legal.rappi.com/colombia/politica-de-proteccion-y-tratamiento-de-datos-personales-rappi-s-a-s/,
77,com.samsung.knox.securefolder,Secure Folder,Business,"Samsung Electronics Co.,  Ltd.",1B+,https://account.samsung.com/membership/pp,
78,com.doordash.driverapp,DoorDash - Dasher,Business,DoorDash,10M+,https://www.doordash.com/dasherprivacypolicy/,
79,com.ubercab.driver,Uber - Driver: Drive & Deliver,Business,"Uber Technologies, Inc.",100M+,http://www.uber.com/privacy,
80,com.microsoft.windowsintune.companyportal,Intune Company Portal,Business,Microsoft Corporation,10M+,http://go.microsoft.com/fwlink/?linkid=316996,
81,com.adobe.scan.android,"Adobe Scan: PDF Scanner, OCR",Business,Adobe,100M+,http://www.adobe.com/privacy/policy.html,
82,com.didi.global.rider,DiDi Delivery: Deliver & Earn,Business,DiDi Global,1M+,https://img0.didiglobal.com/static/dpubimg/dpub2_project_23391/index_23391.html,
83,com.mobisystems.fileman,File Commander Manager & Vault,Business,MobiSystems,100M+,http://www.mobisystems.com/mobile/privacy-policy.html,
84,com.didiglobal.driver,DiDi Driver: Drive & Earn Cash,Business,DiDi Global,10M+,https://img0.didiglobal.com/static/dpubimg/dpub2_project_23391/index_23391.html,
85,com.amazon.atozm,Amazon A to Z,Business,Amazon Mobile LLC,1M+,https://www.amazon.com/gp/help/customer/display.html?nodeId=468496,
86,com.azure.authenticator,Microsoft Authenticator,Business,Microsoft Corporation,100M+,http://go.microsoft.com/fwlink/?linkid=282053,
87,com.google.android.apps.dynamite,Google Chat,Business,Google LLC,10M+,http://www.google.com/policies/privacy,
88,com.gappstudio.docxread.docxreader,Docx Reader PDF Viewer Word,Business,Xonscious,5M+,https://docxreader.blogspot.com/2022/07/privacy-policy.html,
89,com.heb.partnernet,PartnerNet H-E-B,Business,H-E-B,100K+,https://www.heb.com/static-page/article-template/privacy-policy,
90,id.klontong.notaku,Notaku,Business,INOVASI KARYA NUSANTARA,100+,https://forms.gle/FXycPCHSi2k5LDh17,
91,com.netqin.ps,"Vault - Hide Pics, App Lock",Business,Wafer Co.,100M+,https://lexing.tech/privacy.html,
92,com.duosecurity.duomobile,Duo Mobile,Business,Duo Security LLC,10M+,https://duo.com/legal/privacy-notice-services,
93,mx.omesis.topo.topo,Recargas tu Cell,Business,HAZ,10K+,https://haz-qa-recargastucell-web-recargas.azurewebsites.net/legal/aviso-privacidad.aspx,
94,com.wiprecargas.mobile.v2.activity,WipRecargas,Business,Wubip S.A. de C.V.,50K+,https://www.wiprecargas.com/avisodeprivacidad,
95,com.linkedin.android,LinkedIn: Jobs & Business News,Business,LinkedIn,1B+,https://www.linkedin.com/legal/privacy-policy,
96,com.expediapartnercentral,Expedia Group Partner Central,Business,Expedia,100K+,https://welcome.expediagroup.com/en/privacy-policy?mode=partner&experience=join,
97,com.xodo.pdf.reader,Xodo PDF Reader & Editor,Productivity,Apryse Software Inc.,10M+,http://www.xodo.com/legal,
98,air.HCARewards,HCA Rewards,Business,HCA Healthcare Inc.,50K+,https://www.iubenda.com/privacy-policy/8244112,
99,com.shawinc.shawnow,ShawNow,Business,"Shaw Industries,Inc",1K+,https://www.shawnow.com/privacy-policy.aspx,
100,com.discoursesitel,EverConnect,Business,"Civilized Discourse Construction Kit, Inc.",50K+,https://maxconnect.sitel.com/,
101,com.walmart.squiggly,Me@Walmart,Business,Walmart,1M+,https://corporate.walmart.com/privacy-security/walmart-associate-information-privacy-policy,
102,com.facebook.pages.app,Meta Business Suite,Business,"Meta Platforms, Inc.",100M+,https://www.facebook.com/about/privacy/,
103,com.mcdonalds.OurloungeEU,Ourlounge,Business,McDonald's,1K+,https://www.ourlounge.es/group/ourlounge-es/politica-privacidad,
104,com.larksuite.suite,Lark - Team Collaboration,Business,LARK TECHNOLOGIES PTE. LTD.,1M+,https://www.larksuite.com/privacy,
105,com.swipejobs.jobstack.worker,JobStack | Find a Job | Find T,Business,"PeopleReady, Inc.",1M+,http://www.peopleready.com/privacy-policy,
106,icv.resume.curriculumvitae,"Resume Builder App, CV maker",Business,Intelligent CV,10M+,https://sites.google.com/view/intelligentcv/home,
107,nextapp.fx,FX File Explorer,Business,"NextApp, Inc.",10M+,http://www.nextapp.com/fx/privacy.html,
108,com.melbappdev.techflix,Techflix,Business,Melb App Dev,1+,https://melbourneappdevelopment.com/wp-content/uploads/PrivacyPolicy-1.pdf,
109,com.cisco.webex.meetings,Webex Meetings,Business,"Cisco Systems, Inc.",100M+,http://www.cisco.com/web/siteassets/legal/privacy.html,
110,com.anydesk.anydeskandroid,AnyDesk Remote Desktop,Business,AnyDesk Software GmbH,50M+,https://anydesk.com/privacy,
111,lomax.promocel,PromocelMX,Business,PROMOCEL,10K+,http://promocel.mx,
112,com.justeat.app.partnercentre.uk,Partner Centre,Business,Just-Eat Holding Limited,100K+,https://partner-centre.just-eat.co.uk/help/privacy-policy,
113,side.side_android,Side - flex jobs & temp work,Business,Weslash SAS,100K+,https://weslash-static.s3.eu-central-1.amazonaws.com/privacy-policy.html,
114,com.usana.android.hub,USANA Mobile HUB,Business,USANA Health Sciences,100K+,http://www.usana.com/dotCom/about/terms#privacyAnchor,
115,com.whatsapp,WhatsApp Messenger,Communication,WhatsApp LLC,5B+,https://www.whatsapp.com/legal/privacy-policy,
116,com.facebook.orca,Messenger,Communication,"Meta Platforms, Inc.",5B+,https://m.facebook.com/policy.php,
117,com.android.chrome,Google Chrome: Fast & Secure,Communication,Google LLC,10B+,https://policies.google.com/privacy,
118,com.snapchat.android,Snapchat,Communication,Snap Inc,1B+,http://www.snapchat.com/privacy,
119,com.yahoo.mobile.client.android.mail,Yahoo Mail – Organized Email,Communication,Yahoo,100M+,https://policies.yahoo.com/xw/en/yahoo/privacy/directory/international/index.htm,
120,app.tellows,tellows - Caller ID & Block,Communication,tellows,1M+,https://www.tellows.co.uk/c/about-tellows-uk/privacy-policy/#apps,
121,com.discord,"Discord: Talk, Chat & Hang Out",Communication,Discord Inc.,100M+,https://discordapp.com/privacy/,
122,com.talkatone.android,Talkatone: Texting & Calling,Communication,"Talkatone, Llc",10M+,https://www.talkatone.com/privacy/,
123,com.UCMobile.intl,"UC Browser-Safe, Fast, Private",Communication,UCWeb Singapore Pte. Ltd.,1B+,https://img.ucweb.com/s/uae/g/3o/ucwebptc/suit_bu1_uc202007241608_71682_04.html,
124,com.whatsapp.w4b,WhatsApp Business,Communication,WhatsApp LLC,1B+,https://www.whatsapp.com/legal/business-terms/,
125,kik.android,Kik — Messaging & Chat App,Communication,MediaLab AI - Kik,100M+,http://kik.com/privacy,
126,com.enflick.android.TextNow,TextNow: Call + Text Unlimited,Communication,"TextNow, Inc.",50M+,https://www.textnow.com/privacy,
127,com.opera.mini.native,Opera Mini: Fast Web Browser,Communication,Opera,500M+,http://www.opera.com/privacy,
128,pi.browser,Pi Browser,Communication,Pi Community Company,10M+,https://www.picommunity.co/privacy,
129,com.google.android.gm,Gmail,Communication,Google LLC,10B+,http://www.google.com/policies/privacy,
130,com.brave.browser,"Brave Private Web Browser, VPN",Communication,Brave Software,100M+,https://brave.com/privacy/,
131,ca.bell.selfserve.mybellmobile,MyBell,Communication,Bell Canada,10M+,http://bell.ca/privacypolicy,
132,com.tencent.mm,WeChat,Communication,WeChat International Pte. Ltd.,100M+,https://www.wechat.com/mobile/htdocs/en/privacy_policy.html,
133,com.viber.voip,Rakuten Viber Messenger,Communication,Viber Media S.à r.l.,1B+,https://www.viber.com/privacy,
134,com.google.android.apps.tachyon,Google Meet,Communication,Google LLC,5B+,http://www.google.com/policies/privacy,
135,com.psiphon3.subscription,Psiphon Pro,Communication,Psiphon Inc.,100M+,https://psiphon.ca/en/privacy.html,
136,org.telegram.messenger,Telegram,Communication,Telegram FZ-LLC,1B+,https://telegram.org/privacy,
137,com.enflick.android.tn2ndLine,2ndLine - Second Phone Number,Communication,"TextNow, Inc.",10M+,https://www.2ndline.co/privacy,
138,com.sec.android.app.sbrowser,Samsung Internet Browser,Communication,"Samsung Electronics Co.,  Ltd.",1B+,http://www.samsung.com/us/common/privacy.html,
139,com.altanredes.altanvoip,VozApp,Communication,Altan Redes,1M+,https://www.altanredes.com/aviso-de-privacidad/,
140,com.kakao.talk,KakaoTalk : Messenger,Communication,Kakao Corp.,100M+,http://www.kakao.com/policy/privacy,
141,com.kiwibrowser.browser,Kiwi Browser - Fast & Quiet,Communication,Geometry OU,10M+,https://privacy.kiwibrowser.org/,
142,com.google.android.apps.messaging,Google Messages,Communication,Google LLC,5B+,http://www.google.com/policies/privacy,
143,com.skype.raider,Skype,Communication,Skype,1B+,http://www.skype.com/go/privacy,
144,com.imo.android.imoim,imo-International Calls & Chat,Communication,imo.im,1B+,https://imo.im/privacy,
145,com.psiphon3,Psiphon,Communication,Psiphon Inc.,50M+,https://psiphon.ca/en/privacy.html,
146,com.cloudmosa.puffinFree,Puffin Cloud Browser,Tools,CloudMosa Inc,50M+,https://www.puffin.com/privacy/android/,
147,com.uc.browser.en,"UC Mini-Download Video Status ",Communication,UCWeb Singapore Pte. Ltd.,100M+,http://terms.alicdn.com/legal-agreement/terms/suit_bu1_uc/suit_bu1_uc201906261439_98147.html,
148,org.torproject.torbrowser,Tor Browser,Communication,The Tor Project,10M+,https://support.torproject.org/faq/faq-1/,
149,com.google.android.apps.googlevoice,Google Voice,Communication,Google LLC,10M+,http://www.google.com/policies/privacy,
150,com.opera.browser,Opera browser with AI,Communication,Opera,100M+,https://www.opera.com/privacy,
151,jp.naver.line.android,LINE: Calls & Messages,Communication,LINE (LY Corporation),500M+,https://terms.line.me/line_rules/,
152,com.loudtalks,Zello PTT Walkie Talkie,Communication,Zello Inc,100M+,https://zello.com/legal/privacy-policy/,
153,com.tencent.bang,Bang Browser-All Video downloa,Communication,Tencent Technology (Shenzhen) Company Ltd.,100K+,https://www.tencent.com/en-us/privacy-policy.html,
154,com.tencent.mobileqq,QQ,Communication,Tencent Technology (Shenzhen) Company Ltd.,10M+,http://www.qq.com/privacy.htm,
155,com.facebook.talk,Messenger Kids – The Messaging,Communication,"Meta Platforms, Inc.",10M+,https://www.facebook.com/legal/messengerkids/privacypolicy?version=2020,
156,com.drilens.wamr,WAMR: Undelete messages!,Communication,drilens,50M+,https://sites.google.com/view/wamr/home/privacy,
157,app.source.getcontact,Getcontact,Communication,Getverify LDA,100M+,https://getcontact.com/privacy,
158,com.azarlive.android,Azar - video chat & livestream,Communication,Hyperconnect LLC,100M+,https://azarlive.com/home/privacy-policy.html,
159,com.badoo.mobile,Badoo: Dating. Chat. Meet.,Dating,Badoo,100M+,http://badoo.com/privacy/,
160,com.luzeon.BiggerCity,BiggerCity: Gay bears & chubs,Dating,BCPI,100K+,http://www.biggercityapp.com/privacy,
161,co.hinge.app,Hinge Dating App: Meet & Date,Dating,"Hinge, Inc.",10M+,https://hinge.co/privacy,
162,com.coomeet.app,CooMeet: Video Chat with Girls,Dating,Gartwell LTD,1M+,https://coomeet.com/privacy-policy,
163,mingle.android.mingle2,"Mingle2: Dating, Chat & Meet",Dating,"NextC, LLC - Dating Network",10M+,http://mingle2.com/welcome/showPrivacy,
164,com.bumble.app,Bumble: Dating App & Friends,Dating,Bumble Holding Limited,50M+,https://bumble.com/privacy/,
165,net.ilius.android.match,Match: Dating App for singles,Dating,match.com International Limited,1M+,https://uk.match.com/misc/privacy_v.php,
166,com.affinityapps.chispa,Chispa: Dating App for Latinos,Dating,Chispa Dating,1M+,https://www.chispa-app.com/en/privacy-policy,
167,ru.fotostrana.sweetmeet,Dating and Chat - SweetMeet,Dating,SweetMeet,50M+,https://sweetmeet.me/policy.html,
168,com.cupidmedia.wrapper.latinamericancupid,LatinAmericanCupid: Latin Chat,Dating,Cupid Media,1M+,https://www.latinamericancupid.com/en/general/privacystatement,
169,com.meetville.dating,Meeting & Dating - Meetville,Dating,Avanta,5M+,https://meetville.com/policy.html,
170,com.embrace_2redbeans,2RedBeans|两颗红豆: The Asian Dati,Dating,2RedBeans.com,100K+,http://www.2redbeans.com/en/site/privacy,
171,com.jaumo.prime,"BLOOM, Meet Singles. Find Love",Dating,Joyride GmbH,10M+,http://www.jaumo.com/privacy,
172,com.udates,Once: Perfect Match and Dates,Dating,Xeanco Ltd,1M+,https://www.getonce.com/policy/?mobile=true,
173,com.hotornot.app,Chat & Date: Dating Made Simpl,Dating,OR NOT LIMITED,10M+,http://hotornot.com/privacy,
174,com.omiai_jp,マッチングアプリならOmiai(オミアイ)まじめな出会い,Dating,株式会社 Omiai,1M+,https://fb.omiai-jp.com/sp/japan/site/privacy/,
175,com.eharmony,eharmony dating & real love,Dating,eHarmony.com,5M+,https://www.eharmony.com/privacypolicy/,
176,com.cupidmedia.wrapper.afrointroductions,AfroIntroductions: Afro Dating,Dating,Cupid Media,1M+,https://www.afrointroductions.com/en/general/privacystatement,
177,com.jaumo.casual,"CSL – Meet, Chat, Pla‪y & Date",Dating,Joyride GmbH,10M+,https://www.joyridedating.com/privacy,
178,com.cupidmedia.wrapper.bbwcupid,BBWCupid: BBW Dating Plus Chat,Dating,Cupid Media,100K+,https://www.bbwcupid.com/en/general/privacystatement,
179,com.ihappydate,Dating with singles - iHappy,Dating,ihappydate,10M+,https://ihappydate.com/policy_EN.html,
180,com.mobifriends.app,"Mobifriends: Date, meet people",Dating,Mobifriends,1M+,https://www.mobifriends.com/web/legalext/privacy,
181,com.cupidmedia.wrapper.colombiancupid,ColombianCupid Colombia Dating,Dating,Cupid Media,500K+,https://www.colombiancupid.com/en/general/privacystatement,
182,com.cupidmedia.wrapper.mexicancupid,MexicanCupid: Mexican Dating,Dating,Cupid Media,100K+,https://www.mexicancupid.com/en/general/privacystatement,
183,com.ashleymadison.mobile,Ashley Madison,Dating,Ruby Life Inc.,1M+,https://www.ashleymadison.com/app/public/privacy.p,
184,com.buzzarab.buzzarab,buzzArab Arab & Muslim Dating,Dating,BUZZMEDIA INC,5M+,https://www.buzzarab.com/content/privacy.php,
185,com.choiceoflove.dating,Choice of Love: Dating & Chat,Dating,next interactive GmbH,10M+,https://www.choiceoflove.com/privacy,
186,com.match.android.matchmobile,"Match Dating: Chat, Date, Meet",Dating,"Match Group, LLC",10M+,https://www.match.com/registration/privacystatement.aspx?lid=4,
187,pl.fotka.app,"Fotka - dating, chat and flirt",Dating,Fotka.com,1M+,https://android.fotka.com/polityka-prywatnosci,
188,com.affinityapps.blk,BLK Dating: Meet Black Singles,Dating,BLK Dating,1M+,https://www.blk-app.com/privacy-policy,
189,net.ilius.android.meetic,Meetic - Amour et Rencontre,Dating,Meetic,10M+,https://www.meetic.fr/misc/privacy_v.php,
190,com.badoo.twa,Badoo Lite - The Dating App,Dating,Badoo,5M+,http://badoo.com/privacy/,
191,com.coffeemeetsbagel,Coffee Meets Bagel Dating App,Dating,Coffee Meets Bagel,5M+,https://coffeemeetsbagel.com/privacy-policy/,
192,com.hily.app,Hily: Dating app. Meet People.,Dating,Hily Corp.,10M+,https://hily.com/privacypolicy,
193,com.muzmatch.muzmatchapp,Muzz: Muslim Dating & Marriage,Dating,Muzz,5M+,https://muzz.com/privacy,
194,spdate.online.girlsmeet.chat,Spdate - meet singles nearby o,Dating,SinglesPath Innovation,50K+,https://spdatechat.blogspot.com/p/spdate-policy.html?m=1,
195,com.ivuu,Alfred Home Security Camera,House & Home,Alfred Systems Inc.,10M+,https://alfred.camera/legal/privacy-policy,
196,codematics.universal.tv.remote.control,Universal TV Remote Control,House & Home,CodeMatics Media Solutions,100M+,https://www.codematics.co/privacy-policy/,
197,com.redfin.android,Redfin Houses for Sale & Rent,House & Home,Redfin,5M+,https://www.redfin.com/about/privacy-policy,
198,com.nightowlsp.nop,Night Owl Protect,House & Home,"Night Owl SP, LLC",500K+,https://user-license.nightowlsp.com/,
199,com.tmobile.homeisp,T-Mobile Internet,House & Home,T-Mobile USA,1M+,https://www.t-mobile.com/privacy-center/our-practices/privacy-policy,
200,com.autodesk.homestyler,Homestyler-Room Realize design,House & Home,HomestylerApp,5M+,https://www.homestyler.com/about/privacy,
201,com.vivint.vivintsky,Vivint,House & Home,Vivint Home,1M+,https://www.vivint.com/legal/privacy-policy,
202,com.zillow.android.zillowmap,Zillow: Homes For Sale & Rent,House & Home,Zillow,10M+,https://www.zillowgroup.com/zg-privacy-policy/,
203,com.tekoia.sure.activities,SURE - Smart Home and TV Unive,House & Home,SURE Universal Ltd.,10M+,https://www.sureuniversal.com/privacy-policy/,
204,com.utilita.customerapp,My Utilita,House & Home,Utilita Energy Limited,500K+,https://utilita.co.uk/terms#privacy,
205,com.houzz.app,Houzz - Home Design & Remodel,House & Home,Houzz Inc.,10M+,http://www.houzz.com/privacyPolicy,
206,com.code.bluegeny.myhomeview,Home Security Camera - SeeCiTV,House & Home,Geny Studio,1M+,http://www.bluegeny.com/web/privacy_policy.html,
207,com.universal.tv.remote.control.all.tv.controller,Universal TV Remote Control,House & Home,TV Master - Smart TV Remote Control,10M+,https://www.tvmaster.mobi/TV_Master.html,
208,com.alexvas.dvr,tinyCam Monitor,House & Home,Tiny Solutions LLC,10M+,https://tinycammonitor.com/privacy.html,
209,com.trulia.android,Trulia: Homes For Sale & Rent,House & Home,Trulia,10M+,https://www.zillowgroup.com/zg-privacy-policy/,
210,roid.spikesroid.tv_remote_for_lg,TV Remote for LG  (Smart TV Re,House & Home,Spikes Labs,1M+,https://www.spikesroidapps.com/privacy-policy/remotes/policy.html,
211,com.warden.cam,Home Security Camera WardenCam,House & Home,"WardenCam360 - Home Security, Video Monitoring",10M+,https://wardencam-manual.readthedocs.io/en/latest/privacypolicy.html,
212,com.zlink.smarthome,ZLINK,House & Home,eZLO SmartHome,50K+,https://ezlo.com/privacy-policy/,
213,cz.scamera.securitycamera,Security Camera CZ,House & Home,SCamera,1M+,https://securitycamera.cz/privacy_policy.html,
214,com.prime.on,"PRIME Wire and Cable, Inc.",House & Home,"PRIME Wire and Cable, Inc.",100K+,https://primewirecable.com/pages/prime-smart-device-privacy-policy,
215,es.roid.and.trovit,Real Estate sale & rent Trovit,House & Home,Trovit,10M+,https://corporate.trovit.com/privacy-policy/,
216,com.bgmobilenga,British Gas,House & Home,British Gas Trading Ltd.,1M+,https://www.britishgas.co.uk/privacy-policy.html,
217,com.mitula.homes,Mitula Homes,House & Home,Mitula,1M+,https://www.mitula.com/politica-privacidad?appMobile=true,
218,itdim.shsm,Vivitar Smart Home Security,House & Home,"Sakar International, Inc.",100K+,https://www.sakar-software.com/smhshelp/privacy/,
219,com.wash.connect,WASH-Connect,Tools,WASH Apps,100K+,https://www.wash.com/privacy-policy/,
220,com.activebuilding.residents,ActiveBuilding,House & Home,RealPage Incorporated,500K+,http://www.realpage.com/privacy-policy,
221,cn.com.moodlight.aqstar,AQ STAR,House & Home,LEDSTAR,1K+,http://aq.moodlight.com.cn/privacypolicy.html,
222,com.roku.tv.remote.control,Remote Control for Roku TV,House & Home,SoulApps Studio,1M+,https://www.soul-apps.com/SoulApps_Studio.html,
223,com.jampps.mode,Mode,House & Home,Jampps,100+,https://mode.jampps.com/privacy,
224,io.eliq.e,MySmartE,House & Home,MySmartE,100K+,https://e.org/MySmartE_privacy-policy,
225,com.zillow.android.streeteasy,StreetEasy - Apartments in NYC,House & Home,"StreetEasy, Inc.",500K+,http://www.zillow.com/corp/Privacy.htm,
226,com.pinterest,Pinterest,Lifestyle,Pinterest,500M+,https://policy.pinterest.com/privacy-policy,
227,com.amazon.dee.app,Amazon Alexa,Lifestyle,Amazon Mobile LLC,100M+,https://www.amazon.com/gp/help/customer/display.html?nodeId=201909010,
228,com.google.android.apps.chromecast.app,Google Home,Lifestyle,Google LLC,500M+,https://policies.google.com/privacy,
229,com.life360.android.safetymapd,Life360: Live Location Sharing,Lifestyle,Life360,100M+,http://life360.com/privacy_policy,
230,com.requapp.requ,AttaPoll - Paid Surveys,Lifestyle,AttaPoll,10M+,http://docs.attapoll.com/privacy.html,
231,com.hualai,Wyze - Make Your Home Smarter,Lifestyle,Wyze Labs Inc.,5M+,https://www.wyze.com/policies/privacy-policy,
232,com.samsung.android.oneconnect,SmartThings,Lifestyle,"Samsung Electronics Co.,  Ltd.",500M+,https://www.smartthings.com/privacypolicy,
233,com.rightmove.android,Rightmove Property Search,Lifestyle,Rightmove,5M+,https://www.rightmove.co.uk/this-site/privacy-policy.html,
234,org.reyfasoft.reinavalera1960,Santa Biblia Reina Valera,Lifestyle,Reyfasoft,10M+,http://reyfasoft.com/apps/policy.html,
235,com.samsung.android.spay,Samsung Wallet (Samsung Pay),Lifestyle,"Samsung Electronics Co.,  Ltd.",100M+,https://account.samsung.com/membership/policy/privacy/service/95emz62pyb,
236,com.xiaomi.smarthome,Mi Home,Lifestyle,"Beijing Xiaomi Mobile Software Co.,Ltd",50M+,https://g.home.mi.com/views/user-terms.html?locale=en&type=userPrivacy,
237,com.lgeha.nuts,LG ThinQ,Lifestyle,"LG Electronics, Inc.",50M+,https://us.m.lgaccount.com/spx/customer/terms_detail?country=US&language=en-US&terms_type=A_ITG_PRV,
238,com.maxincome.fmcrm,MY FamilyMart,Lifestyle,QL Maxincome Sdn Bhd,1M+,https://familymart.qlecommapi.com/Privacy-Policy.html,
239,com.pinkapp,Lovely – Meet and Date Locals,Lifestyle,Joyride GmbH,10M+,https://www.jaumo.com/privacy,
240,lmontt.cl,Santa Biblia Reina Valera 1960,Lifestyle,l.montt,5M+,http://www.lmontt.com/mibiblia/privacidad.php,
241,com.teslamotors.tesla,Tesla,Lifestyle,"Tesla, Inc.",1M+,https://www.tesla.com/legal/privacy,
242,com.gm.chevrolet.nomad.ownership,myChevrolet,Lifestyle,General Motors (GM),5M+,https://www.onstar.com/legal/privacy-statement,
243,com.tuya.smartlife,Smart Life - Smart Living,Lifestyle,Volcano Technology Limited,10M+,https://developerapp.tuyaus.com/protocol/1479c88e9cc0101a?lang=en,
244,com.tmobile.tuesdays,T-Mobile Tuesdays,Lifestyle,T-Mobile USA,10M+,http://www.t-mobile.com/company/website/privacypolicy.aspx,
245,com.handykim.nbit.everytimerfree,Every Timer-WiFi/Bluetooth/Sou,Lifestyle,nBit APP STUDIO,100K+,https://nbitapp.blogspot.com/2020/09/blog-post_6.html,
246,com.bitsmedia.android.muslimpro,Muslim Pro: Quran Athan Prayer,Lifestyle,Bitsmedia Pte Ltd,100M+,https://support.muslimpro.com/hc/en-us/articles/203485970,
247,uk.co.pets4homes,Pets4Homes,Lifestyle,Pets4Homes,500K+,https://www.pets4homes.co.uk/privacy-policy/,
248,com.puffco.android,Puffco Connect,Lifestyle,Puff Corp,100K+,https://www.puffco.com/pages/privacy-policy,
249,com.swinglifestyle.and,SwingLifeStyle (SLS),Lifestyle,"Swing, LLC",100K+,https://www.sls.com/privacy.html,
250,com.prodege.swagbucksmobile,Swagbucks Play Games + Surveys,Lifestyle,Prodege,5M+,https://www.swagbucks.com/privacy-policy,
251,com.bit.androsmart.kbinapp,Bagan - Myanmar Keyboard,Lifestyle,Bagan Innovation Technology,10M+,https://bagankeyboard.com/privacy.html,
252,com.tuya.smart,Tuya Smart,Lifestyle,Tuya Smart Inc.,10M+,https://developerapp.tuyaus.com/protocol/1479c8096cc01001?lang=en,
253,net.bitburst.pollpay,Poll Pay: Earn Money Rewards,Lifestyle,BitBurst GmbH,10M+,https://pollpay.app/privacy-en/,
254,com.dramaton.slime,Super Slime Simulator: DIY Art,Lifestyle,Dramaton,100M+,https://dramaton.com/privacy.html,
255,com.ftw_and_co.happn,happn - Dating App,Lifestyle,happn,50M+,http://www.happn.fr/privacy-policy,
256,com.bizooku.prospectingapp,The Badass App,Lifestyle,Bizooku,100+,http://bizooku.com/privacy/,
257,com.dyson.mobile.android,MyDyson™,Lifestyle,Dyson Ltd,1M+,http://privacy.dyson.com/en/homepage.aspx,
258,com.icedrive.app,Icedrive #Secure Cloud Storage,Productivity,Icedrive,100K+,https://icedrive.net/legal/android-privacy-policy,
259,com.dubox.drive,TeraBox: Cloud Storage Space,Tools,Flextech Inc.,100M+,https://www.terabox.com/box-static/disk-system/html/wap_privacy.html,
260,hr.telekomcloud.storage,Cloud Storage,Business,Hrvatski Telekom,10K+,https://digitalno-poslovanje.hrvatskitelekom.hr/Business/Cloud_Storage_Uvjeti_koristenja_v3.0.html,
261,com.degoo.android,Degoo: 20 GB Cloud Storage,Productivity,Degoo Backup AB - Cloud,10M+,https://degoo.com/privacy,
262,ru.yandex.disk,Yandex Disk—file cloud storage,Productivity,Direct Cursus Computer Systems Trading LLC,50M+,https://yandex.ru/legal/confidential/,
263,com.google.android.apps.nbu.files,Files by Google,Tools,Google LLC,1B+,http://www.google.com/policies/privacy,
264,com.alphainventor.filemanager,File Manager,Productivity,File Manager Plus,100M+,https://www.alphainventor.com/file-manager-plus-privacy-policy,
265,com.mi.android.globalFileexplorer,File Manager,Tools,Xiaomi Inc.,1B+,http://www.mi.com/en/about/privacy/,
266,com.dropbox.android,Dropbox: Cloud Storage Drive,Productivity,"Dropbox, Inc.",1B+,https://www.dropbox.com/privacy?mobile=1,
267,com.google.android.apps.docs,Google Drive,Productivity,Google LLC,5B+,http://www.google.com/policies/privacy,
268,mega.privacy.android.app,MEGA,Productivity,Mega Ltd,100M+,https://mega.nz/privacy,
269,com.microsoft.skydrive,Microsoft OneDrive,Productivity,Microsoft Corporation,1B+,http://go.microsoft.com/fwlink/p/?LinkId=253457,
270,com.mobisystems.fileman,File Commander Manager & Vault,Business,MobiSystems,100M+,http://www.mobisystems.com/mobile/privacy-policy.html,
271,com.sec.android.app.myfiles,Samsung My Files,Tools,"Samsung Electronics Co.,  Ltd.",1B+,http://www.samsung.com/us/common/privacy.html,
272,com.pcloud.pcloud,pCloud: Cloud Storage,Productivity,pCloud LTD,1M+,https://www.pcloud.com/privacy_policy.html,
273,files.fileexplorer.filemanager,File Manager,Tools,InShot Inc.,5M+,https://inshotapp.com/website/policy/XFolder/PrivacyPolicy.html,
274,com.metago.astro,ASTRO File Manager & Cleaner,Tools,data.ai Basics,50M+,https://www.astrofilemanagerapp.com/pp-en/,
275,com.cxinventor.file.explorer,Cx File Explorer,Tools,Cx File Explorer,10M+,https://www.alphainventor.com/cx-file-explorer-privacy-policy,
276,pl.solidexplorer2,Solid Explorer File Manager,Productivity,NeatBytes,10M+,https://neatbytes.com/solidexplorer/index.php/legal/,
277,com.mobisystems.mobidrive,MobiDrive Cloud Storage & Sync,Productivity,MobiSystems,500K+,https://www.mobisystems.com/privacy-policy/,
278,com.box.android,Box,Business,Box,10M+,https://www.box.com/static/html/privacy.html,
279,nextapp.fx,FX File Explorer,Business,"NextApp, Inc.",10M+,http://www.nextapp.com/fx/privacy.html,
280,me.proton.android.drive,Proton Drive: Cloud Storage,Productivity,Proton AG,100K+,https://proton.me/legal/privacy,
281,com.fazconapps.backup.restore.data,Cloud Storage: Cloud Drive App,Productivity,Fazcon Apps,1M+,https://fazconapps.com/privacy,
282,com.google.android.apps.subscriptions.red,Google One,Productivity,Google LLC,1B+,http://www.google.com/policies/privacy,
283,dev.dworks.apps.anexplorer,AnExplorer TV File Manager,Tools,DWorkS,1M+,https://dworks.io/policies/privacy.html,
284,com.amaze.filemanager,Amaze File Manager,Tools,Team Amaze,1M+,https://teamamaze.xyz/privacy-policy,
285,fm.clean,File Manager File Explorer,Tools,Maple Media,10M+,http://www.maplemedia.io/privacy,
286,filemanager.files.fileexplorer,File Manager - File Explorer,Productivity,Apps Wing,1M+,https://apps-wing.blogspot.com/2022/11/privacy-policy.html,
287,com.lonelycatgames.Xplore,X-plore File Manager,Tools,Lonely Cat Games,10M+,http://www.lonelycatgames.com/docs/xplore/privacy,
288,ru.zdevs.zarchiver,ZArchiver,Tools,ZDevs,100M+,http://zdevs.ru/za_privacy_policy.txt,
289,com.marc.files,Files,Productivity,Marc apps & software,5M+,https://marc-apps.nl/?page=privacy-policy,
290,com.itel.filemanager,File Manager,Tools,Smart Tool Pro,10M+,http://www.transsion.com/en/career/privacy.html,
291,com.ace.ex.file.manager,EX File Manager :File Explorer,Tools,Ace Mobile,5M+,https://www.acemobileapps.net/privacy-policy,
292,com.esuper.file.explorer,ESuper File Explorer,Tools,ESTRONGS LIMITED,1M+,https://www.estrongs.net/privacy-policy,
293,com.transsion.filemanagerx,File Manager,Tools,Shalltry Group,500M+,http://cdn.shalltry.com/transhold/en1/policy,
294,com.simplemobiletools.filemanager,Simple File Manager,Tools,Simple Mobile Tool,1M+,https://zipoapps.com/simplefilemanager/privacy,
295,com.oneplus.filemanager,OnePlus File Manager,Tools,OnePlus Ltd.,100M+,https://www.oneplus.com/global/legal/privacy-policy,
296,com.rarlab.rar,RAR,Tools,RARLAB (published by win.rar GmbH),100M+,http://www.rarlab.com/rar_android_privacy.htm,
297,net.zedge.android,Zedge™ Wallpapers & Ringtones,Personalization,Zedge,500M+,https://zedge.net/privacy,
298,com.digitalcosmos.shimeji,Shimeji,Personalization,Digital Cosmos,10M+,https://sites.google.com/view/shimeji-privacy-policy,
299,com.lbe.parallel.intl,Parallel Space - app cloning,Personalization,LBE Tech,100M+,http://parallelspace-app.com/static/page/privacy_policy_en.html,
300,io.faceapp,FaceApp: Perfect Face Editor,Photography,FaceApp Technology Ltd,500M+,http://www.faceapp.com/privacy,
301,com.camerasideas.instashot,Video Editor & Maker - InShot,Photography,InShot Video Editor,500M+,http://inshotapp.com/website/InShotAndroid/privacypolicy.html,
302,com.vsco.cam,VSCO: Photo & Video Editor,Photography,VSCO,100M+,https://vsco.co/about/privacy_policy,
303,com.google.android.GoogleCamera,Pixel Camera,Photography,Google LLC,1+,http://www.google.com/policies/privacy,
304,com.prequel.app,PREQUEL AI Filter Photo Editor,Photography,Prequel Inc.,10M+,https://prequel.app/privacy-policy/,
305,com.adobe.lrmobile,Lightroom Photo & Video Editor,Photography,Adobe,100M+,http://www.adobe.com/go/privacy_policy,
306,com.linecorp.b612.android,B612 AI Photo&Video Editor,Photography,SNOW Corporation,500M+,https://terms.snow.me/b612/PrivacyPolicy,
307,com.niksoftware.snapseed,Snapseed,Photography,Google LLC,100M+,http://www.google.com/policies/privacy/,
308,photo.editor.polarr,Polarr: Photo Filters & Editor,Photography,Polarr,10M+,https://www.polarr.com/policy/privacy,
309,com.bigwinepot.nwdn.international,Remini - AI Photo Enhancer,Photography,Bending Spoons,100M+,https://bendingspoons.com/privacy.html?app=1470373330,
310,net.sourceforge.opencamera,Open Camera,Photography,Mark Harman,50M+,https://opencamera.org.uk/privacy_oc.html,
311,com.adobe.psmobile,Photoshop Express Photo Editor,Photography,Adobe,100M+,http://www.adobe.com/privacy/policy.html,
312,com.adobe.creativeapps.draw,Adobe Illustrator Draw,Photography,Adobe,10M+,http://www.adobe.com/privacy/policy-linkfree.html,
313,com.vicman.toonmeapp,ToonMe - cartoons from photos,Photography,Linerock Investments LTD,50M+,https://pho.to/privacy,
314,com.cam001.selfie,Camera Editor- Sweet Selfie,Photography,Selfie Camera & Photo Editor & Beauty Snap,100M+,http://res.ufotosoft.com/aboutus/src/selfie.policy.html,
315,com.lightricks.facetune.free,Facetune AI Photo/Video Editor,Photography,Lightricks Ltd.,50M+,https://static.lightricks.com/legal/privacy-policy.html,
316,com.youthhr.phonto,Phonto - Text on Photos,Photography,youthhr,50M+,https://phon.to/privacy,
317,com.mt.mtxx.mtxx,Meitu- Photo Editor & AI Art,Photography,Meitu (China) Limited,50M+,https://pro.meitu.com/xiuxiu/agreements/gdpr.html?lang=en#en-policy,
318,photo.editor.photoeditor.photoeditorpro,Photo Editor Pro - Polish,Photography,InShot Inc.,100M+,https://inshotapp.com/website/collage/policy.html,
319,com.atomicadd.fotos,A+ Gallery - Photos & Videos,Photography,AtomicAdd Team,10M+,https://atomicadd.com/html/privacy-policy.html,
320,vn.eraser.background.removebg,Remove BG - Background Eraser,Photography,AZ Mobile Software,5M+,https://sites.google.com/view/cutewallpapersstudio,
321,com.iudesk.android.photo.editor,Photo Editor,Photography,dev.macgyver,50M+,https://www.iudesk.com/photoeditor/privacy,
322,com.imaginstudio.imagetools.pixellab,PixelLab - Text on pictures,Photography,App Holdings,100M+,http://appholdings.org/privacypolicy.html,
323,com.handycloset.android.eraser,Background Eraser,Photography,handyCloset Inc.,100M+,https://privacy.handycloset.com,
324,us.pinguo.selfie,Bestie - Camera360 Selfie,Photography,PINGUO TECHNOLOGY HK CO LIMITED,50M+,http://www.camera360.com/privacy_bestie_en.html,
325,com.joeware.android.gpulumera,Candy Camera - photo editor,Photography,Studio SJ,100M+,https://studio-sj.co/privacypolicy,
326,com.cardinalblue.piccollage.google,PicCollage: Grid Collage Maker,Photography,"Cardinal Blue Software, Inc.",50M+,http://cardinalblue.com/privacy,
327,com.vicman.newprofilepic,NewProfilePic: Profile Picture,Photography,Linerock Investments  LTD,5M+,https://pho.to/privacy,
328,com.commsource.beautyplus,BeautyPlus-AI Photo/Video Edit,Photography,PIXOCIAL TECHNOLOGY (SINGAPORE) PTE. LTD.,100M+,https://h5.mr.pixocial.com/agreement/beautyPlus/#/privacy,
329,com.magicv.airbrush,AirBrush - AI Photo Editor,Photography,PIXOCIAL TECHNOLOGY (SINGAPORE) PTE. LTD.,50M+,http://appairbrush.com/en/privacy-policy/,
330,com.lightricks.pixaloop,Motionleap by Lightricks,Photography,Lightricks Ltd.,50M+,https://static.lightricks.com/legal/privacy-policy.html,
331,com.cyworld.camera,Cymera - Photo Editor Collage,Photography,SK Communications,100M+,http://www.cymera.com/privacy/en,
332,vStudio.Android.Camera360,Camera360:Photo Editor&Selfie,Photography,PINGUO TECHNOLOGY HK CO LIMITED,100M+,http://www.camera360.com/privacy_en.html,
333,com.lightricks.quickshot,Lightleap by Lightricks,Photography,Lightricks Ltd.,10M+,https://static.lightricks.com/legal/privacy-policy.html,
334,com.venticake.retrica,Retrica,Photography,"Retrica, Inc.",100M+,https://retrica.co/privacy.html,
335,com.cerdillac.filmmaker,Film Maker Pro - Movie Maker,Photography,cerdillac,10M+,http://www.tribiecommunity.com/pp.html,
336,com.microsoft.office.word,Microsoft Word: Edit Documents,Productivity,Microsoft Corporation,1B+,http://go.microsoft.com/fwlink/?LinkID=507380,
337,com.mediafire.android,MediaFire,Productivity,MediaFire,10M+,http://www.mediafire.com/policies/privacy_policy.php,
338,com.microsoft.appmanager,Link to Windows,Productivity,Microsoft Corporation,1B+,http://go.microsoft.com/fwlink/?LinkID=248686,
339,com.intsig.camscanner,"CamScanner- scanner, PDF maker",Productivity,CamSoft Information,100M+,https://static-cdn-f.camscanner.com/policy/camscanner_android/privacy_en-us.html,
340,com.microsoft.office.officehubrow,Microsoft 365 (Office),Productivity,Microsoft Corporation,500M+,http://go.microsoft.com/fwlink/?LinkID=507380,
341,mega.privacy.android.app,MEGA,Productivity,Mega Ltd,100M+,https://mega.nz/privacy,
342,com.microsoft.office.powerpoint,Microsoft PowerPoint,Productivity,Microsoft Corporation,1B+,http://go.microsoft.com/fwlink/?LinkID=507380,
343,com.microsoft.office.excel,Microsoft Excel: Spreadsheets,Productivity,Microsoft Corporation,1B+,http://go.microsoft.com/fwlink/?LinkID=507380,
344,com.microsoft.office.outlook,Microsoft Outlook,Productivity,Microsoft Corporation,1B+,http://taps.io/outlookprivacy,
345,com.superandroid.quicksettings,Quick Settings for Android,Productivity,Super Android,5M+,https://superandroidapp.com/privacy,
346,com.coloros.backuprestore,OPPO Clone Phone,Productivity,ColorOS,10M+,https://www.oppo.com/en/privacy/,
347,com.samsung.android.app.notes,Samsung Notes,Productivity,"Samsung Electronics Co.,  Ltd.",1B+,https://account.samsung.com/membership/pp,
348,com.rsupport.mvagent,Mobizen Screen Recorder,Productivity,MOBIZEN,100M+,https://support.mobizen.com/hc/articles/8382458787225,
349,com.samsung.android.scloud,Samsung Cloud for Wear OS,Productivity,"Samsung Electronics Co.,  Ltd.",1B+,https://privacy.samsung.com,
350,com.alphainventor.filemanager,File Manager,Productivity,File Manager Plus,100M+,https://www.alphainventor.com/file-manager-plus-privacy-policy,
351,com.google.android.apps.docs,Google Drive,Productivity,Google LLC,5B+,http://www.google.com/policies/privacy,
352,com.touchtype.swiftkey,Microsoft SwiftKey AI Keyboard,Personalization,SwiftKey,1B+,https://go.microsoft.com/fwlink/?LinkId=521839,
353,com.monotype.whatthefont,WhatTheFont,Productivity,MONOTYPE,1M+,https://www.myfonts.com/a/font/legal/website-use-privacy-policy,
354,com.myvodafoneapp,My Vodafone,Productivity,Vodafone UK Limited,10M+,https://www.vodafone.co.uk/privacy/apps,
355,com.pdffilereader,New PDF Reader,Productivity,Rythmic Apps LLP,1M+,http://rythmicapps.com/privacy.html,
356,com.adobe.reader,Adobe Acrobat Reader: Edit PDF,Productivity,Adobe,500M+,http://www.adobe.com/privacy/policy.html,
357,in.myinnos.AppManager,Apps Manager - Your Play Store,Productivity,MyInnos,1M+,https://myinnos.in/privacy-policy/app_store_privacy_policy.html,
358,io.wifimap.wifimap,"WiFi Map®: Internet, eSIM, VPN",Productivity,WiFi Map LLC,100M+,https://wifimap.notion.site/WiFi-Map-Privacy-Policy-b1928bba632f480fa8bf009c12507db4,
359,cn.wps.moffice_eng,"WPS Office-PDF,Word,Sheet,PPT",Productivity,WPS SOFTWARE PTE. LTD.,500M+,http://wps.com/privacy-policy/,
360,com.att.deviceunlock,AT&T Device Unlock,Productivity,"AT&T Services, Inc.",10M+,http://about.att.com/sites/privacy_policy,
361,com.argonremote.launchonboot,Boot Apps,Productivity,Argon Dev,100K+,https://julietapp.blogspot.com/p/privacy-policy-general.html,
362,com.google.android.apps.docs.editors.slides,Google Slides,Productivity,Google LLC,1B+,http://www.google.com/mobile/android/,
363,com.att.myWireless,myAT&T,Productivity,"AT&T Services, Inc.",100M+,http://www.att.com/privacypolicy,
364,com.teamviewer.quicksupport.market,TeamViewer QuickSupport,Productivity,TeamViewer,50M+,https://www.teamviewer.com/apps-privacy-policy,
365,com.instabridge.android,WiFi Passwords Map Instabridge,Productivity,Degoo Backup AB - Cloud,100M+,https://instabridge.com/privacy-policy/,
366,com.microsoft.skydrive,Microsoft OneDrive,Productivity,Microsoft Corporation,1B+,http://go.microsoft.com/fwlink/p/?LinkId=253457,
367,com.google.android.apps.googleassistant,Google Assistant,Productivity,Google LLC,1B+,http://www.google.com/policies/privacy,
368,com.google.android.apps.docs.editors.docs,Google Docs,Productivity,Google LLC,1B+,http://www.google.com/policies/privacy,
369,krow.mx.recargas,RecargaMarcas TAE,Productivity,Recargas TAE,100K+,https://www.recargamarcas.net/privacidad,
370,gti.moviles.masordenapp,+ORDEN,Productivity,Grupo Tress Internacional,1M+,https://masorden.com/privacidad-de-datos-personales/,
371,com.socialnmobile.dictapps.notepad.color.note,ColorNote Notepad Notes,Productivity,Notes,100M+,http://www.colornote.com/privacy-policy.html,
372,com.hp.printercontrol,HP Smart,Productivity,HP Inc.,100M+,https://www.hp.com/us-en/privacy/ww-privacy.html,
373,mx.ucc.ver.servicios,iCECC,Productivity,Universidad Cristóbal Colón,1K+,https://www.ucc.mx/aviso-de-privacidad/,
374,com.amazon.mShop.android.shopping,Amazon Shopping,Shopping,Amazon Mobile LLC,500M+,https://www.amazon.com/gp/help/customer/display.html?ie=UTF8&nodeId=468496,
375,com.offerup,OfferUp: Buy. Sell. Letgo.,Shopping,OfferUp Inc.,50M+,http://offerup.com/privacy,
376,com.zzkko,SHEIN-Shopping Online,Shopping,Roadget Business PTE. LTD.,500M+,https://www.shein.com/Privacy-Security-Policy-a-282.html,
377,com.tippingcanoe.promodescuentos,PromoDescuentos: ofertas,Shopping,Pepper.com,1M+,https://www.promodescuentos.com/privacidad,
378,com.walmart.android,Walmart: Shopping & Savings,Shopping,Walmart,50M+,http://corporate.walmart.com/privacy-security/walmart-privacy-policy,
379,com.alibaba.aliexpresshd,AliExpress,Shopping,Alibaba Mobile,500M+,http://terms.alicdn.com/legal-agreement/terms/suit_bu1_aliexpress/suit_bu1_aliexpress201909171350_82407.html,
380,com.radwell.ecommerce,Radwell International,Shopping,Radwell International,100+,https://www.radwell.com/en-US/policies/PrivacyPolicy,
381,com.petsmart.consumermobile,PetSmart,Shopping,PetSmart LLC,1M+,http://www.petsmart.com/help/privacy-policy-H0011.html,
382,com.slidejoy,Slidejoy - Lockscreen Cash Rew,Shopping,Slidejoy,1M+,https://www.getslidejoy.com/privacy,
383,com.contextlogic.wish,Wish: Shop and Save,Shopping,Wish Inc.,500M+,http://www.wish.com/privacy_policy,
384,fr.vinted,Vinted - Buy and sell clothes,Shopping,Vinted,50M+,https://www.vinted.fr/privacy-policy,
385,com.aftership.AfterShip,AfterShip Package Tracker - Tr,Shopping,AfterShip Limited,5M+,https://www.aftership.com/privacy,
386,com.fetchrewards.fetchrewards.hop,"Fetch: Have Fun, Save Money",Shopping,Fetch Rewards,10M+,http://www.fetchrewards.com/privacy.jsp,
387,com.smartcanucks,"SmartCanucks - Flyers, Deals &",Shopping,SmartCanucks,5K+,https://smartcanucks.ca/privacy,
388,com.ebay.mobile,eBay: Online Shopping Deals,Shopping,eBay Mobile,100M+,https://www.ebay.com/help/policies/member-behaviour-policies/user-privacy-notice-privacy-policy?id=4260,
389,mx.com.liverpool.shoppingapp,Liverpool pocket,Shopping,Distribuidora Liverpool SA,10M+,https://assetspwa.liverpool.com.mx/ayuda/index.html#/sec/terminos-y-condiciones/proteccion-de-datos/aviso-clientes,
390,com.google.android.finsky,Android Market,Shopping,Google LLC,5M+,http://www.google.com/policies/privacy,
391,com.missycoupons.BaseApp,미씨쿠폰 - 미국 핫딜 정보 MissyCoupons,Shopping,MissyCoupons Inc.,10K+,https://www.missycoupons.com/zero/board.php#id=policies&no=2,
392,com.appsfree.android,AppsFree,Shopping,ts-apps,1M+,https://appsfree.app/privacy.html,
393,com.ionic.omniticket,Omniticket,Shopping,Grupo Omnilife - Chivas,50K+,https://www.omniticket.mx/pdf/archivos/politica/condiciones_uso.pdf,
394,pagaqui.apppagaqui,Pagaqui ( Pagos Recarga TAE),Shopping,ta3,100K+,https://pagaqui.com.mx/AvisoDePrivacidad.aspx,
395,com.gumtree.android,Gumtree: local classified ads,Shopping,Gumtree UK,10M+,https://www.gumtree.com/termsofuse,
396,com.appnana.android.giftcardrewards,AppNana: Gift Cards Rewards,Shopping,AppNana Rewards,10M+,http://s.mapiz.com/appnana/terms.html,
397,com.tae.xtremecard,Xtrememultipagos,Shopping,Grupo Xtreme,50K+,http://grupoxtreme.com.mx/index.php/privacidad/,
398,com.kimovil.app,Kimovil,Shopping,Kimovil,100K+,https://www.kimovil.com/es/info/politica-de-privacidad,
399,com.privalia.privalia,Privalia Shopping,Shopping,Veepee,10M+,https://es.privalia.com/privaliadocs/es/html/politica-de-privacidad.html,
400,uk.co.com.dealmoon.android,英国省钱快报,Shopping,DealMoon.com,10K+,https://www.dealmoon.co.uk/privacy_policy.html,
401,com.poshmark.app,Poshmark - Sell & Shop Online,Shopping,"Poshmark, Inc",10M+,http://poshmark.com/privacy,
402,com.ksl.android.classifieds,"KSL Classifieds, Cars, Homes",Shopping,Deseret Digital Media,1M+,https://support.ksl.com/hc/en-us/articles/1260800669529-Privacy-Statement,
403,com.mercariapp.mercari,Mercari: Your Marketplace,Shopping,"Mercari, Inc",10M+,http://www.mercari.com/privacy/,
404,com.lootboy.app,LootBoy: Packs. Drops. Games.,Shopping,Lootboy GmbH,10M+,https://www.lootboy.com/privacy,
405,com.shopee.ph,Shopee PH: Shop this 12.12,Shopping,Shopee,50M+,https://cs.shopee.ph/portal/article/77274,
406,fr.leboncoin,"leboncoin, petites annonces",Shopping,LBC France,10M+,https://www.leboncoin.fr/dc/cookies/,
407,com.tippingcanoe.hukd,hotukdeals - Deals & Discounts,Shopping,Pepper.com,1M+,https://www.hotukdeals.com/privacy-policy,
408,co.nelo.nelo,"Nelo. Buy now, pay later.",Shopping,"Nelo, Inc.",1M+,https://nelo.mx/legal/privacy,
409,com.belk.android.belk,Belk – Shopping App,Shopping,Belk,1M+,http://www.belk.com/privacy-policy.html,
410,com.shopee.mx,Shopee MX: 12.12 Súper Barato,Shopping,Shopee,10M+,https://help.shopee.com.mx/portal/article/77099,
411,com.geomobile.tiendeo,Tiendeo - Deals & Weekly Ads,Shopping,Tiendeo,10M+,https://business.tiendeo.com/es/legal-notice/,
412,lomax.ppw,Recargas y Pago de Servicios P,Shopping,Developer Prepaidworld,1K+,http://www.prepaidworld.mx/servicios/Aviso_privacidad.aspx,
413,com.shpock.android,Shpock: Buy & Sell Marketplace,Shopping,Shpock - finderly,10M+,https://shpock.com/privacy,
414,yqtrack.app,17TRACK Package Tracker,Shopping,17TRACK,10M+,https://about.17track.net/privacy,
415,com.salla.gaudy,gaudy ksa,Shopping,Gaudy,10K+,https://gaudyksa.com/p/الخصوصية,
416,com.ebay.kijiji.ca,Kijiji: Buy and sell local,Shopping,Marktplaats B.V.,10M+,http://help.kijiji.ca/helpdesk/policies/kijiji-terms-of-use#Android,
417,com.facebook.katana,Facebook,Social,"Meta Platforms, Inc.",5B+,https://www.facebook.com/about/privacy/,
418,com.instagram.android,Instagram,Social,Instagram,5B+,http://instagram.com/legal/privacy/,
419,com.zhiliaoapp.musically,TikTok,Social,TikTok Pte. Ltd.,1B+,https://www.tiktok.com/legal/privacy-policy,
420,com.facebook.lite,Facebook Lite,Social,"Meta Platforms, Inc.",1B+,https://www.facebook.com/about/privacy/,
421,com.twitter.android,X,Social,X Corp.,1B+,http://twitter.com/privacy,
422,com.blockchainvault,Pi Network,Social,SocialChain,50M+,https://socialchain.app/privacy,
423,video.like,Likee - Short Video Community,Social,Likeme Pte. Ltd.,500M+,https://mobile.like.video/live/page-about/policy.html,
424,com.zhiliaoapp.musically.go,TikTok Lite,Social,TikTok Pte. Ltd.,500M+,https://www.tiktok.com/legal/privacy-policy,
425,com.instagram.lite,Instagram Lite,Social,Instagram,100M+,http://instagram.com/legal/privacy/,
426,com.reddit.frontpage,Reddit,Social,reddit Inc.,100M+,https://www.reddit.com/help/privacypolicy,
427,com.pof.android,Plenty of Fish Dating App,Social,Plentyoffish Media ULC,50M+,http://www.pof.com/privacypolicy.aspx,
428,sg.bigo.live,"Bigo Live–Live Stream, Go Live",Social,Bigo Technology Pte. Ltd.,500M+,https://activity.bigo.tv/live/about/policy.html,
429,cool.monkey.android,Monkey - random video chat,Social,Monkey.cool,10M+,https://www.monkey.app/privacy,
430,com.vkontakte.android,"VK: music, video, messenger",Social,VK.com,100M+,https://vk.com/privacy,
431,com.pinger.textfree,Text Free: Call & Texting App,Social,"Pinger, Inc",10M+,http://www.pinger.com/privacy-policy/,
432,jp.pxv.android,pixiv,Social,pixiv Inc.,5M+,https://policies.pixiv.net/#privacy,
433,com.adam4adam.radar2.ui,Adam4Adam Gay Chat Dating A4A,Social,A4A Network Inc,1M+,https://a4anetwork.com/privacy.html,
434,com.textmeinc.textme,Text Me: Second Phone Number,Social,"TextMe, Inc.",10M+,http://api.textme-app.com/api/support/privacy-policy/android/,
435,com.gogii.textplus,textPlus: Text Message + Call,Social,textPlus,50M+,http://www.textplus.com/textplus-privacy-policy/,
436,com.yy.hiyo,"Hago- Party, Chat & Games",Social,HAGO,100M+,https://www.ihago.net/a/license/register-policy-android.html,
437,com.dianyun.chikii,Chikii-Play PC Games,Social,Chikii Cloud Game,10M+,https://www.chikiigame.com/m/privacy/index.html,
438,com.exutech.chacha,HOLLA - Live Random Video Chat,Social,HOLLA,10M+,https://www.holla.world/privacy.html,
439,com.gettr.gettr,GETTR,Social,"GETTR USA, Inc",5M+,https://gettr.com/privacy,
440,com.narvii.amino.master,Amino: Communities and Fandom,Social,MediaLab - AminoApps,10M+,https://aminoapps.com/privacy,
441,com.imvu.mobilecordova,IMVU: Social Chat & Avatar app,Social,"IMVU, Inc.",10M+,https://www.imvu.com/next/policyhub/privacypolicy/,
442,mobi.jackd.android,Jack’d - Gay Chat & Dating,Social,Perry Street Software,5M+,https://www.jackd.com/privacy,
443,com.freebasics,Free Basics by Facebook,Social,"Meta Platforms, Inc.",1M+,https://www.facebook.com/legal/internet.org_fbsterms,
444,com.textmeinc.freetone,FreeTone Calls & Texting,Social,"TextMe, Inc.",10M+,http://go-text.me/assets/pp.php,
445,com.tumblr,"Tumblr—Fandom, Art, Chaos",Social,"Tumblr, Inc",100M+,https://www.tumblr.com/privacy,
446,ru.ok.android,OK: Social Network,Social,Odnoklassniki Ltd,100M+,https://ok.ru/privacypolicy,
447,com.skout.android,"SKOUT - Meet, Chat, Go Live",Social,Skout Inc.,50M+,https://www.skout.com/tos.html#privacy,
448,com.nglreactnative,NGL: anonymous q&a,Social,NGL App,50M+,https://ngl.link/privacy-policy,
449,me.bukovitz.noteit,noteit widget - by sendit,Social,"iconic hearts, inc.",10M+,https://www.drawnoteit.com/privacy,
450,com.sgiggle.production,"Tango- Live Stream, Video Chat",Social,Tango,100M+,http://www.tango.me/privacy-policy/,
451,com.twoo,Twoo - Meet New People,Social,MassiveMedia,10M+,http://twoo.com/about?view=privacy,
452,net.wrightflyer.le.reality,REALITY-Become an Anime Avatar,Social,"REALITY, Inc.",5M+,https://reality.app/legal/privacy_policy_android.html,
453,com.google.android.gms,Google Play services,Tools,Google LLC,10B+,http://www.google.com/policies/privacy,
454,com.google.android.apps.translate,Google Translate,Tools,Google LLC,1B+,http://www.google.com/policies/privacy/,
455,com.chaozhuo.gameassistant,"Octopus - Gamepad, Keymapper",Tools,Octopus Gaming Studio,10M+,https://sites.google.com/view/privacy-policy-of-octopus/home,
456,com.sec.android.easyMover,Samsung Smart Switch Mobile,Tools,"Samsung Electronics Co.,  Ltd.",100M+,https://account.samsung.com/membership/terms,
457,com.google.android.googlequicksearchbox,Google,Tools,Google LLC,10B+,http://www.google.com/policies/privacy,
458,com.nvidia.geforcenow,GeForce NOW Cloud Gaming,Entertainment,NVIDIA,10M+,https://www.nvidia.com/en-us/about-nvidia/privacy-policy/,
459,com.fast.free.unblock.secure.vpn,Secure VPN－Safer Internet,Tools,Signal Lab,100M+,https://secure.free-signal.com/Terms%20of%20Service.html,
460,com.cxinventor.file.explorer,Cx File Explorer,Tools,Cx File Explorer,10M+,https://www.alphainventor.com/cx-file-explorer-privacy-policy,
461,ru.zdevs.zarchiver,ZArchiver,Tools,ZDevs,100M+,http://zdevs.ru/za_privacy_policy.txt,
462,com.snowcorp.stickerly.android,Sticker.ly - Sticker Maker,Communication,"SNOW, Inc.",100M+,https://stickerlyapp.notion.site/Privacy-Policy-c40b0b551f9c442aaaa74fcc202a22a8,
463,com.google.android.apps.nbu.files,Files by Google,Tools,Google LLC,1B+,http://www.google.com/policies/privacy,
464,com.rarlab.rar,RAR,Tools,RARLAB (published by win.rar GmbH),100M+,http://www.rarlab.com/rar_android_privacy.htm,
465,free.vpn.unblock.proxy.turbovpn,Turbo VPN - Secure VPN Proxy,Tools,Innovative Connecting,100M+,https://turbovpn.com/policy,
466,com.duckduckgo.mobile.android,DuckDuckGo Private Browser,Tools,DuckDuckGo,50M+,https://duckduckgo.com/privacy.html,
467,com.google.android.apps.adm,Google Find My Device,Tools,Google LLC,100M+,http://www.google.com/policies/privacy,
468,com.nuance.nmc.sihome.metropcs,myMetro,Tools,Metro by T-Mobile,100M+,http://www.t-mobile.com/company/website/privacypolicy.aspx,
469,cn.xiaofengkj.fitpro,fitpro,Tools,"Shenzhen Jusheng Intelligent Technology Co., Ltd.",100M+,http://www.qq.com/privacy.htm,
470,app.namso_gen.spacehowen,Namso Gen,Tools,Space Howen,500K+,https://spacehowen.com/privacy,
471,com.sec.android.app.myfiles,Samsung My Files,Tools,"Samsung Electronics Co.,  Ltd.",1B+,http://www.samsung.com/us/common/privacy.html,
472,com.sticktoit,Wang VPN - Fast Secure VPN,Tools,老王,1M+,https://www.wangvpn666.com/privacy,
473,com.aws.android,Weather by WeatherBug,Weather,WeatherBug,10M+,https://www.weatherbug.com/legal/privacy,
474,com.yahoo.mobile.client.android.weather,Yahoo Weather,Weather,Yahoo,10M+,http://privacy.yahoo.com/,
475,com.handmark.expressweather,1Weather: Forecast & Radar,Weather,OneLouder Apps,100M+,https://1weatherapp.com/privacy,
476,com.accuweather.android,AccuWeather: Weather Radar,Weather,AccuWeather,100M+,http://m.accuweather.com/en/privacy,
477,bbc.mobile.weather,BBC Weather,Weather,BBC Media App Technologies,10M+,https://www.bbc.co.uk/weather/about/57854010,
478,com.mylocaltv.wralwx,WRAL Weather,Weather,Capitol Broadcasting Company,100K+,http://www.wral.com/rs/page/1020577/,
479,mx.clic.radardopplerudeg,Radar Doppler Jalisco,Weather,Joel Espinosa,10K+,http://desdegdl.com/privacidad-radar.html,
480,com.weather.Weather,The Weather Channel - Radar,Weather,The Weather Channel,100M+,https://weather.com/en-US/twc/privacy-policy,
481,com.microsoft.amp.apps.bingweather,MSN Weather - Forecast & Maps,Weather,Microsoft Corporation,1M+,http://go.microsoft.com/fwlink/?LinkID=248686,
482,com.apalon.weatherradar.free,Clime: NOAA Weather Radar Live,Weather,Clime Weather Service,10M+,https://climeradar.com/privacyPolicy,
483,com.wdtinc.android.KOTV,News On 6 Weather,Weather,"Griffin Media, L.L.C.",100K+,https://www.newson6.com/story/5e35d2912f69d76f620178fc/privacy-policy,
484,com.macropinch.swan,Weather,Weather,MacroPinch,10M+,http://macropinch.com/privacypolicy_weather.html,
485,com.wbko.android.weather,WBKO First Alert Weather,Weather,"Gray Television, Inc.",10K+,https://www.wbko.com/privacy-policy/,
486,com.twc.radar,Storm,Weather,The Weather Channel,5M+,http://www.weather.com/common/home/privacy.html,
487,com.kfvs.android.weather,KFVS12 First Alert Weather,Weather,"Gray Television, Inc.",100K+,http://www.kfvs12.com/privacy-policy/,
488,com.studioeleven.windfinder,Windfinder: Wind & Weather map,Weather,Windfinder,5M+,http://www.windfinder.com/contact/privacy_policy.htm,
489,com.krgv.android.weather,KRGV FIRST WARN 5 Weather,Weather,KRGV,100K+,https://www.krgv.com/pages/privacy,
490,com.wwtv.android.weather,Doppler 9&10 Weather Team,Weather,Heritage Broadcasting,100K+,https://www.9and10news.com/privacy/,
491,my.gov.met.mycuaca,myCuaca,Weather,MetMalaysia,100K+,https://www.met.gov.my/en/info/dasar-privasi-mycuaca/,
492,com.wkyc.android.weather,WKYC Weather,Weather,TEGNA,100K+,https://www.wkyc.com/privacy,
493,com.wsfa.android.weather,WSFA First Alert Weather,Weather,"Gray Television, Inc.",100K+,http://www.wsfa.com/privacy-policy/,
494,com.acmeaom.android.myradar,MyRadar Weather Radar,Weather,ACME AtronOmatic LLC,10M+,http://myradar.com/privacy_policy.html,
495,com.meteoblue.droid,meteoblue weather & maps,Weather,meteoblue AG,1M+,https://content.meteoblue.com/content/view/full/2855,
496,com.devexpert.weather,Weather & Clock Widget,Weather,Interactive Saudi Arabia,50M+,https://devexpert.net/privacypolicy,
497,com.kytv.android.weather,KY3 Weather,Weather,"Gray Television, Inc.",500K+,https://www.ky3.com/privacy-policy/,
498,com.wvlt.android.weather,WVLT Weather,Weather,"Gray Television, Inc.",50K+,https://www.wvlt.tv/privacy-policy/,
499,net.darksky.darksky,Dark Sky - Hyperlocal Weather,Weather,The Dark Sky Company,1M+,http://darksky.net/privacy/,
500,com.wzzm.android.weather,WZZM 13 Weather,Weather,TEGNA,100K+,https://www.wzzm13.com/privacy,